File,Line,Method,Path,Suggested Fix
accession_jobs.py,117,GET,/{id},/{id}/
accession_jobs.py,130,GET,/workflow/{id},/workflow/{id}/
accession_jobs.py,200,PATCH,/{id},/{id}/
accession_jobs.py,341,DELETE,/{id},/{id}/
aisle_numbers.py,59,GET,/numbers/{id},/numbers/{id}/
aisle_numbers.py,90,PATCH,/numbers/{id},/numbers/{id}/
aisle_numbers.py,118,DELETE,/numbers/{id},/numbers/{id}/
aisles.py,77,GET,/{id},/{id}/
aisles.py,107,PATCH,/{id},/{id}/
aisles.py,137,DELETE,/{id},/{id}/
audit_trails.py,60,GET,/{table_name}/{record_id},/{table_name}/{record_id}/
audit_trails.py,120,GET,/entity/{entity_type}/{entity_id},/entity/{entity_type}/{entity_id}/
barcode_types.py,60,GET,/types/{id},/types/{id}/
barcode_types.py,94,PATCH,/types/{id},/types/{id}/
barcode_types.py,124,DELETE,/types/{id},/types/{id}/
barcodes.py,64,GET,/value/{value},/value/{value}/
barcodes.py,84,GET,/{id},/{id}/
barcodes.py,150,PATCH,/{id},/{id}/
barcodes.py,191,DELETE,/{id},/{id}/
batch_upload.py,110,GET,/{id},/{id}/
batch_upload.py,125,DELETE,/{id},/{id}/
batch_upload.py,387,PATCH,/{id},/{id}/
batch_upload.py,574,POST,/withdraw-jobs/{job_id},/withdraw-jobs/{job_id}/
buildings.py,78,GET,/{id},/{id}/
buildings.py,110,PATCH,/{id},/{id}/
buildings.py,140,DELETE,/{id},/{id}/
container_types.py,67,GET,/{id},/{id}/
container_types.py,99,PATCH,/{id},/{id}/
container_types.py,129,DELETE,/{id},/{id}/
conveyance_bins.py,61,GET,/{id},/{id}/
conveyance_bins.py,94,PATCH,/{id},/{id}/
conveyance_bins.py,124,DELETE,/{id},/{id}/
delivery_locations.py,78,GET,/locations/{id},/locations/{id}/
delivery_locations.py,113,PATCH,/locations/{id},/locations/{id}/
delivery_locations.py,144,DELETE,/locations/{id},/locations/{id}/
groups.py,62,GET,/{id},/{id}/
groups.py,96,PATCH,/{id},/{id}/
groups.py,122,DELETE,/{id},/{id}/
groups.py,140,GET,/{id}/users,/{id}/users/
groups.py,152,POST,/{group_id}/add_user/{user_id},/{group_id}/add_user/{user_id}/
groups.py,177,DELETE,/{group_id}/remove_user/{user_id},/{group_id}/remove_user/{user_id}/
groups.py,210,GET,/{group_id}/permissions,/{group_id}/permissions/
ils_configurations.py,35,GET,/{config_id},/{config_id}/
ils_configurations.py,75,PATCH,/{config_id},/{config_id}/
ils_configurations.py,110,DELETE,/{config_id},/{config_id}/
ils_sync_errors.py,35,PATCH,/{id}/resolve,/{id}/resolve/
ils_sync_errors.py,54,POST,/{id}/retry,/{id}/retry/
item_retrieval_events.py,56,GET,/{id},/{id}/
item_retrieval_events.py,88,PATCH,/{id},/{id}/
item_retrieval_events.py,116,DELETE,/{id},/{id}/
items.py,194,GET,/{id},/{id}/
items.py,206,GET,/barcode/{value},/barcode/{value}/
items.py,228,GET,/barcode/{value}/metadata,/barcode/{value}/metadata/
items.py,414,PATCH,/{id},/{id}/
items.py,517,DELETE,/{id},/{id}/
items.py,542,POST,/move/{barcode_value},/move/{barcode_value}/
items.py,725,GET,/{barcode_value}/ils-metadata,/{barcode_value}/ils-metadata/
ladder_numbers.py,59,GET,/numbers/{id},/numbers/{id}/
ladder_numbers.py,91,PATCH,/numbers/{id},/numbers/{id}/
ladder_numbers.py,119,DELETE,/numbers/{id},/numbers/{id}/
ladders.py,88,GET,/{id},/{id}/
ladders.py,128,PATCH,/{id},/{id}/
ladders.py,159,DELETE,/{id},/{id}/
media_types.py,66,GET,/{id},/{id}/
media_types.py,98,PATCH,/{id},/{id}/
media_types.py,128,DELETE,/{id},/{id}/
modules.py,76,GET,/{id},/{id}/
modules.py,109,PATCH,/{id},/{id}/
modules.py,135,DELETE,/{id},/{id}/
non_tray_item_retrieval_events.py,55,GET,/{id},/{id}/
non_tray_item_retrieval_events.py,89,PATCH,/{id},/{id}/
non_tray_item_retrieval_events.py,117,DELETE,/{id},/{id}/
non_tray_items.py,178,GET,/{id},/{id}/
non_tray_items.py,191,GET,/barcode/{value},/barcode/{value}/
non_tray_items.py,370,PATCH,/{id},/{id}/
non_tray_items.py,503,DELETE,/{id},/{id}/
non_tray_items.py,528,POST,/move/{barcode_value},/move/{barcode_value}/
owner_tiers.py,59,GET,/tiers/{id},/tiers/{id}/
owner_tiers.py,90,PATCH,/tiers/{id},/tiers/{id}/
owner_tiers.py,119,DELETE,/tiers/{id},/tiers/{id}/
owners.py,84,GET,/{id},/{id}/
owners.py,143,PATCH,/{id},/{id}/
owners.py,188,DELETE,/{id},/{id}/
owners.py,207,GET,/{id}/delivery-locations,/{id}/delivery-locations/
owners.py,229,POST,/{id}/delivery-locations,/{id}/delivery-locations/
owners.py,272,DELETE,/{id}/delivery-locations/{delivery_location_id},/{id}/delivery-locations/{delivery_location_id}/
permissions.py,57,GET,/{id},/{id}/
permissions.py,86,PATCH,/{id},/{id}/
permissions.py,109,DELETE,/{id},/{id}/
pick_lists.py,186,GET,/{id},/{id}/
pick_lists.py,284,PATCH,/{id},/{id}/
pick_lists.py,516,PATCH,/{pick_list_id}/add_request,/{pick_list_id}/add_request/
pick_lists.py,787,DELETE,/{id},/{id}/
priorities.py,65,GET,/priorities/{id},/priorities/{id}/
priorities.py,97,PATCH,/priorities/{id},/priorities/{id}/
priorities.py,126,DELETE,/priorities/{id},/priorities/{id}/
refile_jobs.py,180,GET,/{id},/{id}/
refile_jobs.py,343,PATCH,/{id},/{id}/
refile_jobs.py,442,DELETE,/{id},/{id}/
refile_jobs.py,520,POST,/{job_id}/add_items,/{job_id}/add_items/
refile_jobs.py,678,DELETE,/{job_id}/remove_items,/{job_id}/remove_items/
refile_jobs.py,760,PATCH,/{job_id}/update_item/{item_id},/{job_id}/update_item/{item_id}/
reporting.py,3385,DELETE,/scheduled-exports/{export_id},/scheduled-exports/{export_id}/
reporting.py,3408,GET,/export-history/download/{history_id},/export-history/download/{history_id}/
request_types.py,67,GET,/types/{id},/types/{id}/
request_types.py,99,PATCH,/types/{id},/types/{id}/
request_types.py,130,DELETE,/types/{id},/types/{id}/
requests.py,255,GET,/{id},/{id}/
requests.py,430,PATCH,/{id},/{id}/
requests.py,493,DELETE,/{id},/{id}/
shelf_numbers.py,60,GET,/numbers/{id},/numbers/{id}/
shelf_numbers.py,92,PATCH,/numbers/{id},/numbers/{id}/
shelf_numbers.py,121,DELETE,/numbers/{id},/numbers/{id}/
shelf_position_numbers.py,58,GET,/numbers/{id},/numbers/{id}/
shelf_position_numbers.py,95,PATCH,/numbers/{id},/numbers/{id}/
shelf_position_numbers.py,126,DELETE,/numbers/{id},/numbers/{id}/
shelf_positions.py,81,GET,/{id},/{id}/
shelf_positions.py,129,PATCH,/{id},/{id}/
shelf_positions.py,167,DELETE,/{id},/{id}/
shelf_types.py,161,GET,/{id},/{id}/
shelf_types.py,186,PATCH,/{id},/{id}/
shelf_types.py,230,DELETE,/{id},/{id}/
shelves.py,203,GET,/{id},/{id}/
shelves.py,216,GET,/barcode/{value},/barcode/{value}/
shelves.py,268,GET,/barcode/{value}/next-position,/barcode/{value}/next-position/
shelves.py,296,GET,/barcode/{value}/shelved,/barcode/{value}/shelved/
shelves.py,656,PATCH,/{id},/{id}/
shelves.py,743,DELETE,/{id},/{id}/
shelving_jobs.py,223,GET,/{id},/{id}/
shelving_jobs.py,383,PATCH,/{id},/{id}/
shelving_jobs.py,497,DELETE,/{id},/{id}/
shelving_jobs.py,597,POST,/{id}/reassign-container-location,/{id}/reassign-container-location/
shelving_jobs.py,1500,POST,/{id}/cancel,/{id}/cancel/
shelving_jobs.py,1540,GET,/{id}/containers,/{id}/containers/
shelving_jobs.py,1573,POST,/{id}/containers,/{id}/containers/
shelving_jobs.py,1647,DELETE,/{id}/containers/{container_id},/{id}/containers/{container_id}/
shelving_jobs.py,1685,POST,/{id}/pre-assign,/{id}/pre-assign/
shelving_jobs.py,1727,PATCH,/{id}/containers/{container_id}/override,/{id}/containers/{container_id}/override/
shelving_jobs.py,1786,POST,/{id}/scan-container,/{id}/scan-container/
shelving_jobs.py,1848,POST,/{id}/confirm-shelve,/{id}/confirm-shelve/
shipping_jobs.py,128,GET,/{id},/{id}/
shipping_jobs.py,144,PATCH,/{id},/{id}/
shipping_jobs.py,226,DELETE,/{id},/{id}/
shipping_jobs.py,280,POST,/{id}/bins,/{id}/bins/
shipping_jobs.py,343,GET,/{id}/items/check,/{id}/items/check/
shipping_jobs.py,409,POST,/{id}/bins/{bin_id}/items,/{id}/bins/{bin_id}/items/
shipping_jobs.py,539,DELETE,/{id}/bins/{bin_id}/items/{item_id},/{id}/bins/{bin_id}/items/{item_id}/
shipping_jobs.py,579,PATCH,/{id}/complete,/{id}/complete/
shipping_jobs.py,717,GET,/{id}/manifest,/{id}/manifest/
side_orientations.py,61,GET,/orientations/{id},/orientations/{id}/
side_orientations.py,97,PATCH,/orientations/{id},/orientations/{id}/
side_orientations.py,129,DELETE,/orientations/{id},/orientations/{id}/
sides.py,84,GET,/{id},/{id}/
sides.py,115,PATCH,/{id},/{id}/
sides.py,148,DELETE,/{id},/{id}/
size_class.py,74,GET,/{id},/{id}/
size_class.py,102,PATCH,/{id},/{id}/
size_class.py,133,DELETE,/{id},/{id}/
subcollection.py,61,GET,/{id},/{id}/
subcollection.py,95,PATCH,/{id},/{id}/
subcollection.py,128,DELETE,/{id},/{id}/
system_settings.py,37,GET,/{key},/{key}/
system_settings.py,75,PATCH,/{key},/{key}/
system_settings.py,102,DELETE,/{key},/{key}/
trays.py,106,GET,/{id},/{id}/
trays.py,119,GET,/barcode/{value},/barcode/{value}/
trays.py,199,PATCH,/{id},/{id}/
trays.py,326,DELETE,/{id},/{id}/
trays.py,365,POST,/move/{barcode_value},/move/{barcode_value}/
users.py,70,GET,/{id},/{id}/
users.py,84,GET,/{id}/groups,/{id}/groups/
users.py,114,PATCH,/{id},/{id}/
users.py,144,DELETE,/{id},/{id}/
users.py,163,GET,/{user_id}/permissions,/{user_id}/permissions/
verification_changes.py,57,GET,/{id},/{id}/
verification_changes.py,90,PATCH,/{id},/{id}/
verification_changes.py,116,DELETE,/{id},/{id}/
verification_jobs.py,218,GET,/{id},/{id}/
verification_jobs.py,231,GET,/by-accession-job-id/{id},/by-accession-job-id/{id}/
verification_jobs.py,248,GET,/workflow/{id},/workflow/{id}/
verification_jobs.py,297,PATCH,/{id},/{id}/
verification_jobs.py,402,DELETE,/{id},/{id}/
verification_jobs.py,471,PATCH,/{id}/add,/{id}/add/
verification_jobs.py,580,PATCH,/{id}/remove,/{id}/remove/
withdraw_jobs.py,137,GET,/{id},/{id}/
withdraw_jobs.py,176,PATCH,/{id},/{id}/
withdraw_jobs.py,572,DELETE,/{job_id},/{job_id}/
withdraw_jobs.py,644,POST,/{job_id}/add_items,/{job_id}/add_items/
withdraw_jobs.py,837,DELETE,/{job_id}/remove_items,/{job_id}/remove_items/
